Metric_ID,Metric_Name,Domain,Product_Context,Metric_Type,Formula,Numerator,Denominator,Unit,Claim_ID,Primary_Source_ID,Source_Publisher,Source_Date,Source_Credibility,Evidence_Strength,Confidence_Level,Confidence_Rationale,Decay_Rule,Limitations,Counterfactual_Risk,Status,Notes
MET-HOS-001,Invoice Error Rate,HOS — Billing Operations,HOS Step 8 (Bill),Benchmark — Market Prevalence,Direct — stated percentage,Invoices with at least one billing error,Total enterprise invoices issued,Percentage (%),CLM-HOS-001,SRC-008,RecVue / IOFM,2025,Secondary — vendor-sponsored trade research,Medium,Medium,Direction strongly supported by multiple independent sources; exact 39% requires primary study verification,Re-verify within 24 months or when RecVue/IOFM publishes update,"Enterprise scope undefined; vendor-sponsored research may reflect worst-case sample; SaaS sub-segment rate may differ",If error rate is materially lower (e.g. 15-20%) HOS billing optimization ROI must be recalculated,Candidate,Used in Step 8 pitch context; cited in SRC-008
MET-HOS-002,Revenue Leakage from Misapplied Tiers,HOS — Billing Operations,HOS Step 8 (Bill),Benchmark — Revenue Impact,Direct — stated range,Revenue lost from incorrect tier / overage application,Total billed revenue,Percentage range (%),CLM-HOS-002,SRC-008,Industry benchmark (source TBD),2025,Secondary,Medium,Medium,"Range (3-7%) is directionally consistent with complex SaaS billing environments; low end likely for simple pricing models, high end for multi-tier/overage/usage-based",Re-verify within 24 months,Range breadth limits precise ROI modeling; depends heavily on pricing model complexity,If leakage rate is at low end of range (3%) HOS billing ROI is reduced; model should use 3-5% for conservative projection,Candidate,Range cited in SRC-008
MET-HOS-003,Late Payment Rate Attributable to Admin/Compliance Issues,HOS — Collections,HOS Step 9 (Collect),Benchmark — Collections,Direct — stated percentage,Late payments caused by compliance or administrative issues,Total late payments,Percentage (%),CLM-HOS-003,SRC-008,Industry benchmark (source TBD),2025,Secondary,Medium,Medium,Directionally consistent with AR best practice literature on dispute causes,Re-verify within 24 months,Cause attribution methodology not specified in available excerpt; mix will vary by industry and customer type,If true rate is lower (e.g. 40%) automated pre-bill notification ROI is reduced,Candidate,Step 9 context
MET-HOS-004,Uncollectible Invoice Write-Off Rate,HOS — Collections,HOS Step 9 (Collect),Benchmark — Bad Debt,Direct — stated percentage,Enterprise invoices written off as uncollectible,Total enterprise invoices issued,Percentage (%),CLM-HOS-004,SRC-008,Industry benchmark (source TBD),2025,Secondary,Medium,Medium,Consistent with upper end of AR industry bad debt norms for complex billing environments,Re-verify within 24 months,"Highly dependent on customer credit quality, industry, and collections process maturity; 9% may represent worst-case",Conservative modeling should use 5-9% range,Candidate,Step 9 context
MET-HOS-005,Post-Invoice Dispute Reduction from Pre-Bill Review,HOS — Collections,HOS Step 9 (Collect),Performance — Intervention Efficacy,Direct — stated percentage improvement,Disputes prevented by pre-bill notification program,Total disputes without intervention,Percentage reduction (%),CLM-HOS-005,SRC-008,Unspecified (cited in HOS pitch),2025,Secondary,Low–Medium,Directional — specific percentage unverified at primary source level; 85% is directionally plausible but high magnitude requires primary verification,Re-verify when primary study is identified,"Specific implementation conditions not defined; 85% may reflect optimized deployment, not average",If true rate is 50% rather than 85% the Step 9 automation ROI is reduced by approximately 35%; still positive,Candidate,"High-impact metric for HOS Step 9 pitch; requires primary source citation before use in binding proposals or QoE"
MET-HOS-006,Onboarding-Related Revenue Forecast Miss Rate,HOS — Revenue Lifecycle,HOS Step 6 (Onboard),Benchmark — Revenue Risk,Direct — stated percentage,Enterprises that miss revenue forecasts partly due to onboarding delays,Total enterprises surveyed,Percentage (%),CLM-HOS-007,SRC-008,Industry benchmark (source TBD),2025,Secondary,Medium,Directional,87% is a high-magnitude claim; direction is consistent with documented onboarding-to-revenue-timing linkage,Re-verify within 24 months,Causal attribution (partly) makes verification difficult; many factors contribute to forecast misses,If true rate is lower (e.g. 60%) the onboarding urgency narrative is still supported,Candidate,Step 6 context
MET-HOS-007,SOC 2 Review Sales Cycle Extension,HOS — Sales Process,HOS Step 2 (Qualify),Benchmark — Time,Direct — stated range,Weeks added to enterprise SaaS sales cycle by SOC 2 review requirements,N/A (time addition not a ratio),Weeks,CLM-HOS-008,SRC-008,Optifai,2025,Secondary,Medium,Medium,2-4 week range consistent with practitioner experience; Optifai is a security compliance vendor with legitimate data interest,Re-verify within 24 months; supersede if Optifai publishes updated study,Range may vary by deal size and complexity; represents average not ceiling or floor,Not applicable — directional benchmark for sales cycle planning,Candidate,Step 2 context; Optifai cited
MET-HOS-008,CFO Involvement Increase in Enterprise Software Purchases,HOS — Sales Process,HOS Step 2 (Qualify),Benchmark — Buyer Behavior,Direct — stated percentage change,Increase in CFO involvement in enterprise software purchase decisions,Baseline period CFO involvement (unspecified),Percentage change (%),CLM-HOS-009,SRC-008,Unspecified (cited in HOS pitch),2025,Secondary,Low–Medium,Directional — consistent with documented finance-led procurement trends; specific baseline undefined,Re-verify within 24 months; identify primary source,Baseline period unspecified; 40% increase on a low base vs. high base has different implications,If CFO involvement is flat or moderates the qualification complexity argument is weaker,Candidate,Step 2 context; primary source needed
MET-HOS-009,Public Company Material Weakness Rate — Revenue Recognition,HOS — Regulatory Compliance,HOS Step 10 (Rev Close),Regulatory Benchmark,Direct — stated range,Public companies reporting material weaknesses related to revenue recognition,Total public companies filing annual reports with PCAOB-audited controls,Percentage range (%),CLM-HOS-006,SRC-008 (citing PCAOB/SEC),PCAOB / SEC,Annual,Primary via regulatory body,High,High,"PCAOB and SEC data are authoritative for US public companies; ""#1 cited area"" consistent with multiple PCAOB annual reports",Annual re-check against PCAOB annual inspection report,"Applies to public companies; PE portcos typically not subject to SOX 404(b) unless preparing public exit; applies directionally to QoE scrutiny for PE-backed mid-market","Directional claim applies even if PE portcos not technically subject to SOX; the risk to buyer QoE reviewers is analogous",Candidate — verify exact year of PCAOB report,Step 10 regulatory context; strong credential for HOS QoE positioning
MET-HOS-010,Q2R Step Count — Canonical,HOS — Revenue Lifecycle,HOS Methodology,Architecture Metric,Count of canonical Q2R implementation steps,Count of steps from Prospect through Renew,N/A,Count (integer),N/A,SRC-007 SRC-008,Salt Basin (internal),2025,Primary,High,High,Derived from canonical HOS documentation; consistent across all source versions reviewed,Re-verify only if Q2R model is redesigned,N/A,N/A,Canonical,Value = 11. Steps: Prospect / Qualify / Solution Design / Negotiate / Contract Execute / Onboard / Deliver / Bill / Collect / Rev Close / Renew
MET-TIDE-001,SaltTide Seed Round Target,SaltTide — Financing,SaltTide,Internal Planning Target,Direct — stated amount,N/A,N/A,USD ($),CLM-TIDE-001,SRC-001,Salt Basin Holdings (Betsy Salter),2026,Primary,High,High,Explicit founder statement; internal planning figure,Update upon close or material revision,Not a public market claim; internal financial planning target,N/A — not a predictive claim,Canonical,Value = $3,500,000. Not to be used as a market size claim.
MET-TIDE-002,SaltTide — Credit Risk Position,SaltTide — Business Model,SaltTide,Architecture Metric — Risk,Definitional — zero balance sheet credit risk by design,N/A,N/A,Binary (zero / non-zero),N/A,SRC-001,Salt Basin Holdings (Betsy Salter),2026,Primary,High,High,Explicit product design constraint; core business model attribute,Re-verify only if product model changes,Applies to SaltTide product as designed; third-party card issuers carry their own risk,N/A — design constraint not a forecast,Canonical,SaltTide carries ZERO credit risk on its balance sheet — it reads and routes; does not issue or guarantee
MET-RLMM-001,RLMM Stage Count,RLMM™ — Diagnostic,RLMM™,Architecture Metric,Count of RLMM maturity stages,Count of canonical RLMM stages,N/A,Count (integer),N/A,SRC-001,Salt Basin Holdings (Betsy Salter),2026,Primary,Medium,Medium — stage names pending confirmation (OI-001); stage count may change upon finalization,Re-verify once OI-001 is resolved,Stage names not yet finalized; stage count subject to revision,N/A,Candidate — blocked on OI-001,Stage names needed to complete RLMM crosswalk and interactive app — see Open Item OI-001. SB-SR-001 proposes 6 Evidence Maturity stages from SRC-021 (DEC-001).
MET-BOEM-001,BOEM Maturity Level Count,Business Outcome Evidence Maturity,HOS / RLMM / Cross-product,Architecture Metric,Count of BOEM maturity levels in canonical model,Count of levels 0 through 5,N/A,Count (integer),N/A,SRC-000 SRC-003,Salt Basin (canonical synthesis),2026,Primary,High,High,Derived from canonical BOEM model defined in ART-16; consistent with CMMI 5-level pattern and APQC precedent,Re-verify only if BOEM model is redesigned,N/A,N/A,Canonical,Value = 6 levels (0–5). Level 0 = Ungoverned; Level 5 = Continuous. HOS target = move portcos from L0-2 to L4-5. NOTE: stage names under correction per SB-SR-001 DEC-002.
MET-L2-001,EIDOS L2 Scenario Seed Count,EIDOS — Scenario Repository,EIDOS,Architecture Metric,Count of L2 scenarios in initial seed file,Count of L2 scenario records in SRC-005,N/A,Count (integer),N/A,SRC-005,Salt Basin (internal),2026,Primary,High,High,Derived from file title: Salt_Basin_EIDOS_L2_Scenario_Repository_Initial_500.xlsx,Re-verify by running row count on SRC-005,Exact count TBD pending row count; "500+" is the stated seed batch,N/A,Candidate — exact count pending,Value stated as "500+" initial L2 scenarios across Revenue Lifecycle / Customer Journey and other journey rods. Verify with row count of SRC-005.
MET-ENT-001,Salt Basin Entity Tier Count,Enterprise Architecture,Enterprise Structure,Architecture Metric,Count of canonical tiers in the entity hierarchy,Count of tiers from Holdings through product/subsidiary level,N/A,Count (integer),N/A,SRC-001,Salt Basin Holdings (Betsy Salter),2026,Primary,High,High,Explicit and consistent across all reviewed sources,Re-verify only if entity structure changes,N/A,N/A,Canonical,"Value = 5 tiers. Tier 1: Holdings / Tier 2: MESS / Tier 3: Net Works + Creative Works / Tier 4: MES Solutions + MESA + product platforms / Tier 5: Products"
MET-ENT-002,MESS Acronym Meaning Count,Enterprise Architecture — Brand,MESS (MES Subsidiaries LLC),Brand Metric,Count of canonical acronym readings for MESS,Count of confirmed meanings,N/A,Count (integer),N/A,SRC-001,Salt Basin Holdings (Betsy Salter),2026,Primary,High,High,Explicit in SRC-001; multi-pronged acronym is intentional design,Re-verify only if Betsy modifies acronym intent,N/A,N/A,Canonical,"Value = 4: Martha Elizabeth Salter Subsidiaries / Monetized Economic Spending Solutions / Managed Equity Security Services / Measured Enterprise Scaling Solutions"
MET-AGENT-001,Hardcoded Agent Constraint Count,Agent Security Standard,All Agents,Architecture Metric,Count of hardcoded constraints applicable to all Salt Basin agents,Count of rules in ART-13 Section 4 hardcoded list,N/A,Count (integer),N/A,SRC-000 SRC-003,Salt Basin canonical synthesis,2026,Primary,High,High,Derived from ART-13 Section 4,Re-verify upon ART-13 revision,N/A,N/A,Canonical,Value = 7 hardcoded constraints. See ART-13 Section 4.
MET-AGENT-002,BestyStaff Response Delay,BestyStaff — UX Design,BestyStaff,Design Specification,Direct — stated duration,N/A,N/A,Seconds,N/A,SRC-001,Salt Basin Holdings (Betsy Salter),2026,Primary,High,High,Explicit design specification — intentional feature not a performance constraint,Re-verify only if Betsy modifies the UX specification,N/A,N/A,Canonical,Value = 9 seconds. Deliberate delay. Must never be optimized away. Rationale: encourages completeness of user input.
MET-Q2R-001,Q2R Canonical Step — Invoice Error Rate ROI Threshold,HOS — ROI Model,HOS Step 8 (Bill),Derived — ROI Modeling,Conservative minimum error rate to produce positive HOS billing optimization ROI,Minimum error rate × average contract value × mitigation rate,N/A,Percentage (%) — threshold,CLM-HOS-001 CLM-HOS-002,SRC-008,Salt Basin (derived),2026,Derived — model output,Low,Low–Medium,Derived from CLM-HOS-001 and CLM-HOS-002; exact threshold depends on HOS pricing and deployment cost inputs not yet finalized,Re-derive once HOS pricing model is finalized,Highly sensitive to pricing assumptions; use directional framing only until pricing is set,If true error rate is at or below threshold HOS billing module cannot be justified on ROI alone,Candidate — model incomplete,Placeholder for ROI threshold calculation; requires HOS pricing inputs to complete
